size,mem_ratio
4096,57.4635
4096,57.4635
576,8.08081
472,6.62177
472,6.62177
64,0.897868
