size,l1_miss_rate
640000,0.930296
40000,0.922504
4000,0.938567
400,0.979167
192,2.54449e-06
96,0.2
48,0.166667
40,0.75
40,0
24,0
