size,miss_rate
4096,0.0444444
4096,0.0142985
576,0.00584795
472,0
472,0.00287206
64,0
