size,l2_miss_rate
640000,0.414531
40000,0.463651
4000,0.298182
400,0.12766
192,1
96,0
48,0
40,0
40,0
24,0
