size,mem_ratio
640000,84.2637
40000,5.26648
4000,0.526648
400,0.0526648
192,0.0252791
96,0.0126396
48,0.00631978
40,0.00526648
40,0.00526648
24,0.00315989
